RouteName,PreData,PostData
1,0.91432,2.174
15,1.254355,0.98774
22,4.2179,0.40942
23,1.23499,1.605888
28,1.2458,1.4386
32,2.6128,2.3318
39,0.7322,0.821355
57,1.94072,1.5873
66,1.09029,1.85246
71,1.37741,1.5244
73,0.76522,0.744753
77,2.21088,1.34454
111,1.07602,1.4242
116,2.467772,2.98884
117,0.40039,0.48622
